"A","B","C","D","E","F","G","H","I","J"
"Chris","Rodriguez","crodriguez3@hao123.com","Male","","diners-club-enroute","$1.82 ","TRUE","TRUE","Bojonghaur"
"Harold","Fisher","","Male","data:image/png;base64/iVBORw0KGgoAAAANSUhEUgAAABAAAAAQCAYAAAAf8/9hAAAABGdBTUEAAK/INwWK6QAAABl0RVh0U29mdHdhcmUAQWRvYmUgSW1hZ2VSZWFkeXHJZTwAAAKiSURBVDjLpVNdSBRhFD07M7nF+rc67s+ILqS4ubBpEERoIFKwC0IIlfYQRlE+lz3UQyFElBD1VA8R9NhDP/YmkYbUQ1T4oCStC7rF6G5ri5o6rePOfNOdb7YfH4KgGQ6XuXPvOefe+cZlWRb+55JGr+37KwNjFodJMEwGk2BHw7Cjk5PswtrWZjDTBMgNd2QJsFktnqIcY2DUZNfYhGCUh4DJd5MOATMNrMxnkV9e/Sflsopy+JXAbwcWJe3mFwffghsAnPgT9HxFOYfSHfU2PR4M3kONz8eJBa5Y3MLY97uEO9BdM6QOGEUUaJQ3Sy1g+SkaZ5MrW8UdCI5nx/aeyhQ1P8JLrR8FtkIF1GwQCWFKP4SRxf1YXZ/lyrQWPqLjoEhg0C72lrVQgYlXG4dRQNIhIcys1+LZylmcn7v/y4HdI/GFURVfGCtgenUKXbUy0toGNLELS2ut8LIjUBfbsL4RoFoRu3kP20pgs7bIOURKAxA/1qM65YW/+hhS2RlYbY/REH4IPG/CTt8uZJr6kPhGe7JckExOYPG5ZDGED6NZ1NPdc6IHmqahYb4Br9+PgZXoONrdhxLJjUymCRMT1VCTKUi2MqN5tntKMX15BKKvEwdOduLqhVP4vOxCUFEQjUaRSWdw6+ZtigsIVQk43n8R6qdZCLYyyEqFV8aay4vyCi//MJeuD6BQyKO3txft7e2Ix+OIxWLQ8xriIZ3XlFd6HQdziQQ/YZtrQHpB5S8HB27wkzc0NASPx8Nz9kj23E8SDKdjQIZqXX/+jZFIpLmxsfFpR0dHoK6ujkmSVJXNZpFMJuF2uxEKheD3+4nYWFJVVRgfH/+yhSAcDovBYDBKisOKotRQk0hpIZfLnaG4IMvyMMVtuq6b6XT6Kznq/gFyr64cpzvFtgAAAABJRU5ErkJggg==","jcb","$4.89 ","FALSE","","Neftobod"
"Frank","Vasquez","fvasquezc@comcast.net","","data:image/png;base64/iVBORw0KGgoAAAANSUhEUgAAABAAAAAQCAYAAAAf8/9hAAAABGdBTUEAAK/INwWK6QAAABl0RVh0U29mdHdhcmUAQWRvYmUgSW1hZ2VSZWFkeXHJZTwAAAHySURBVDjLtZPvT1JxFMb5O/gHskVzrrV+mFZomDdEDGkYKSXlRleY6IzcFdQ7lBgYeaELBNjFEpbWi9psRU7JnCa3VYTV/WfY01davkFk0/XivDp7Ps/Zc86RAZAdpmT/BWDLmun+5ZuS5X0P+paMML82SKZXeroqYGDttty22it6Po8iWeCxIAlI/5pF9Osj3M8MwPCsXex8ekVeEWAlYn+OxaKUxNx2FKmfcTzfjiH2ncNsnsfIOzu00RZxT4B1pZee3GTw4vdfVyEfxkTWAdfyMMJfHiL2LYgImcSyeAstgQt0GeBuxiQl8iEIP/iSW/eCrtiV0rLXkm3s1ThVnN6cQkj0w511osl7TioD9L29QcaNY64QhWvlHrrmtey/niasclCcEqrp81B669HoPo0yAEmaBBcpuTOZQegF9S6gdUaJqms0vdRL3JYXQdEHLueD9snlovpxc2qnd8nfiIues9gXYEx30INLFvAksB1IIPcAd9LdaPY1oEcw4HqiE2ecJ7DvHegSlGh/Y0FgywP3uhPeDRae9TG4P7nArjHQ8W2oG1KgIkATUcmpYJNonjeC+TCMyZJwFOMfR+BadaCdo3DcdhRVT5kkTZOkC/VjJ3GKqUNHSA3NTCsR1+BAz1RrPwaFtQYH/kZF/5GKa/wDDtK86rC6fMkAAAAASUVORK5CYII=","americanexpress","$6.26 ","FALSE","TRUE","Emmen"
"Edward","","emendozae@parallels.com","","data:image/png;base64/iVBORw0KGgoAAAANSUhEUgAAABAAAAAQCAYAAAAf8/9hAAAABGdBTUEAAK/INwWK6QAAABl0RVh0U29mdHdhcmUAQWRvYmUgSW1hZ2VSZWFkeXHJZTwAAAJRSURBVBgZBcExiJZlHADw3/O+732enKYdQVeklWBeoSBFtmgNNrRcQ9DSFBQZDU4OEYSNbQUtCg5FEAUpDdXSUliBQRBEBBXeVuFZnvKd1/e9z/P/9/uVzATnX37wEfwCAICbpy6s7wUAACjnXnrgUbyFtV3Ld3vhjbO2rv8Alu465sOzr9veugUf4dKpC+sXAWDApWdeObNv+Z57/fPV+zJTm22BzHTiyD5LR0/KzLXPzr/3LC4CwID7l1fus/n7FTHetv7JO2QiXc8fpbTx83eWV4/tBgCAAbLORR11+w+LVmWmj9tpLUMEcPO3LeX401599/O8MVv59c/1vx67fG5te4Boo6ijGGfa7D+kNoQ3n1u1MQ0FkWlsYeiP+ODK5sN96a8++doXBweIOhOtkqEUMum7zo3b6Y+N1HVprOHWdvXUQzsdP7TX0qRb+TbbTx1EnYs618a5qE3UBvrC4sCkLyZ9sTjpXNvcduhOXnxijzrmgQFinMlxLmuIsZGpLaZSWOjJJPticehc/TdN/555fP8OC0NngKhzUZsYm6hBpMhUFH3XASVFJDt6pSv6vpcYIMcm503UJmojgABFEfrCZOiUTBFFKUUmA9SxamMTrYmxkURLBUNHVzqR9IUuMGHnQGYaIOdVjE22JmvISNCiYgAAAJGVKAZc3p5OT+zatyprE7WRicGsTrEXAADM6lSJrgx4++svP92NowBw7fDzFroD9iyOMulKUQpQ0Hd3iKzzkpkAAODkme+/6btykG6F3KIgQVFKZJvuWVrY+T+vNUkTODP9hQAAAABJRU5ErkJggg==","","$2.49 ","TRUE","FALSE","Aseri"
"Carolyn","Martinez","","Female","data:image/png;base64/iVBORw0KGgoAAAANSUhEUgAAABAAAAAQCAYAAAAf8/9hAAAABGdBTUEAAK/INwWK6QAAABl0RVh0U29mdHdhcmUAQWRvYmUgSW1hZ2VSZWFkeXHJZTwAAALnSURBVBgZBcFdaNQFAADw3//jbred7pY6NLe2FKGgKOthtiJMyiiEgnoMwacIglKih3r1OSh68MFe+hCjsqgXU9N6WJFJBZU5I8/5kbqYzbvtbnf/z36/oCxLsOfIlSm8vXmkNt1NC920kBaFlaxoYQkLyLGIm/gQx2OAIsu23b9h1fRr20cBQCcpGt2kaCz28vEkZamfm1tYdvRCZyf2xgBFlq0frgbgyq1cJQjEAVHMQCU0MRCKwlAl4oHxQRsb9TUHf7r2VgiQp+lwPSYrWEoCrZRbfVo9Wj1urvDvcg7eOHTZ9Ka6e9dVRmOAPE3XrK6GOn06vVwYBmJEEWFEJBAFFAjyth+bi3653LoWA+RJsr4xGGmtZLr9UhiWopAwD0QhkVIUoYzMt/veOfF3G3tigCxJJtcPV7R6pQxKojwQlsiJytxw84D5c01bq5Nm+tObvtz3yH8hQJ70Jzc0BnSSUhASBYEQIQIMzh22sXHJ6Lbdnt/8u1dWXt8BMTy1/+vBOAqrA5VQkudCJUolcoGhq1+4o/Kdxl07dS4d1Ri506aJ9gdHX91cjSHrJ6P1ek0YUEBJEBAKlCX1pV81Ht4l755VWzeul191+/atQ1ln8UAMedIfiutVcUgUBvIioCwVCAL68Zh0cU4YLQjCjurwAr2u5ev9KH5076F12D9194Qb7dLcfK5eo1YNDa/8acP8e6q1VJH1hMUtwtXKNDH78fne2fPtF+M8SR7Hrp/PXbS4Elvul9K8tCWbMVU5aezJHcrkuCBf8uexvnK5q0h6K81me/fuwxePxHmaPvjsY/cNvvnCQwDg+jfvWnPP05KFA+K44Y9vM72Jl5ztTfj02OmDJ9/fdwTiPE0v3lho+ejEOSOrBo0M14zUB4yIBNE/ooFRs6e68i0v2zL1jFOf/6CVVZsAcZFln82cmR2fOTM7ibVYi9ueG2uNPdFsDrUXE5/MbbVwoWvk9Fd+O3/lL3wP8D9kTlQPa94WnAAAAABJRU5ErkJggg==","jcb","$1.52 ","TRUE","","Caherconlish"
"Steven","Gutierrez","sgutierrezr@irs.gov","","data:image/png;base64/iVBORw0KGgoAAAANSUhEUgAAABAAAAAQCAQAAAC1+jfqAAAABGdBTUEAAK/INwWK6QAAABl0RVh0U29mdHdhcmUAQWRvYmUgSW1hZ2VSZWFkeXHJZTwAAACuSURBVCjPvdChDcMwFATQD4rKwgxNwypjAxNTN6hmNakMKkWKFGDqEQo6QEbICH+EjBBeXnoFUQ0MAqOjT7rTEWg/dAhInDi9Eo9TP8dvWP3LsZ31pNa228CSLskM6DMofPwbZFkzqM0yb6ADjeaJmEE+OgnSrBgEEl3Z0JsHQv73Km65GhnNHb6AlmUNgrnBFSBZ1MCbK2wBYmlq4CbLelYGBBJDw2c+DUdevZ8ffsX6A70Y4hwAAAAASUVORK5CYII=","americanexpress","$5.32 ","TRUE","TRUE","Terbangan"
"Robert","Olson","rolson15@privacy.gov.au","","","laser","$9.49 ","FALSE","TRUE","It��"
"Matthew","Gardner","mgardner1b@sitemeter.com","","data:image/png;base64/iVBORw0KGgoAAAANSUhEUgAAABAAAAAQCAYAAAAf8/9hAAAABGdBTUEAAK/INwWK6QAAABl0RVh0U29mdHdhcmUAQWRvYmUgSW1hZ2VSZWFkeXHJZTwAAAI2SURBVDjLpVNNaBNBFP42aZNqXEw1iv0xFUpBLWmrF0v1IpKiKOohBwUvhYDgz0G8eIugYBBFD+JBpV49ekqpHoQklGBpzNb0UIwkoFarIvnT5m9mfDPJhlJTEVx4vN3Z9/28eTOaEAL/87StXYjH409rtdq5arXaRhmUVVQqFZmf+Xy+sy0JDMPYTIAnTqfTZ7dvRJlA4BzKH7ns7HRienrqDH39SZBIJI5KsMvl6nE4HEhnPkGqcy7ABSciAUZk5XK5dQtUPOV2u9XCykoJVQK/NeaIgDfDO35MtdGSQPZos9mQz+fryoxh7+CIUhcNdbnZ6zqQzIxAskgORVo3ErOUmVKX/7qOn/q7g/peCVUsCQY9+5W66UKsswcW04FJoEikMqv3/k1PYzJ7H3xVXcsWmuAG0FSfXHyMn4UaEpkwcttSOH/vtCj8yhWyxR+3Q7eMm4pAWjNPpATxhmVOa1e2XsciZpEpxeA9fBC9WwbwauG5HktGboxe6nY2W5BTsFqtdWXGV41QIPk5jJHdw2AWhuEuL5hWxahnTEIvWhoOXkciERSLRei6jo4NdjqBmiJi5OJ7YRnt2iac3HNZubx65BH6tw/J1w5F4Pf7D6RSqROhUGguGg3DbtOwq68XbncP+nZ2I1/MYmFpBsGXE4og+GIC77/Oy9eStvY2BgKBcRrrHQqPeZk+8CTa+5cxNnQIAzv24d2XN5iZj+JjOndX+9frTBsWpHSBQqcoUDyMPVi69hviC4VQKCIpUgAAAABJRU5ErkJggg==","jcb","$5.54 ","TRUE","FALSE","Ruma"
"","Allen","sallen1c@yandex.ru","Male","data:image/png;base64/iVBORw0KGgoAAAANSUhEUgAAABAAAAAQCAQAAAC1+jfqAAAABGdBTUEAAK/INwWK6QAAABl0RVh0U29mdHdhcmUAQWRvYmUgSW1hZ2VSZWFkeXHJZTwAAADCSURBVCjPvdCxCcMwEAXQAxcuIoIFAUMgqtypcyXSqBIYNy4M0gSZQBNoAm2QCW6DTOBFbg1HTo6QyqW5QsU9vj4HK+wPHAJ88uhxDiuMwaFFk/qksUOF7cAJnmb8+rKmFXiN8sxgpomBwb6A7qUe7e2vw0Tj4qKNJvaLLkDRhRoS+QdGcpxQwml7pRaxpiowcGQZdHilVssoyu9VhsjAkmGgsCEZT1Rv/RHuH2BTqYa6xKlQmqPIda6ekGA47tT78wZ72Oy4vOPLEgAAAABJRU5ErkJggg==","jcb","","TRUE","FALSE"
"Benjamin","Sanders","bsanders1j@cpanel.net","Male","","china-unionpay","$5.67 ","FALSE","TRUE","Baras"
"Sarah","","swalker1p@pinterest.com","Female","data:image/png;base64/iVBORw0KGgoAAAANSUhEUgAAABAAAAAQCAYAAAAf8/9hAAAABGdBTUEAAK/INwWK6QAAABl0RVh0U29mdHdhcmUAQWRvYmUgSW1hZ2VSZWFkeXHJZTwAAANCSURBVBgZBcHbT1t1AMDx72lPKS29UCiz0BUMQxwwJptMSIAZzRgu6oOJ+jKjkQdjTAx/gI9mezAmJkb3ppKYqHsxe9oMOh0ZODd3xYVtFOLK1dG0pYWensvv4udjaK0BAACYmp8cAz4GjgEtgAmUgeta6XNfjn33CwAAgKG1BmBqftIEpoE3X8+cCCZCLVSsBiwXhLQRPOHy1iUhhfxVCPn2N6d+2gMwtNZMzU8GgD8Gk30jJzMvUbGDOLgsVwzqdJCCpdDCJYTFlnOVm5s3F4Qnjv/w1oWyDwCYPtrcPTLaNkhRung+AyF81EQdFnUUnSDbdoj1coD2yAsMpp497DrejwD+0vjqKPDZ6e7X/PdllS1q1JRgz45QdAJUbMhu7FKuVgkmChjxLMPJg1xevNH5/fXpe/6hySNfTLQNHTL8IbZ8AvQ+WmWEW0/81Gwfixt7qPoSwY5HOLEseVXCLEkONWd8tx4/bDKBY5lYmrvWJvl6H73+AygEuW0X264RT2kqTTMsqx1wNI0iSDbvcOLpo3iO6DeB5rDZQM7aZNuxiIY72XGjlEqKeIvNvoRFXg6QvnMOaVfJZw5S3AkTCUXxXNHo01obhgbXqaCtVkxPcukvD6M+xNayydpqjDYnhPA0+5M9BJfv4Nk10BohhGFKoYoVt5Ju9jcSrX+O9byJ7QVoVR8RD0ucDY/dnCDd1EVPaohdu8rC+u8UqxNIocqm8MTtx8XVdFc4w2//zdMY7qLOn0Eol/G+95BaIZVEodksr9G/f4Q9t8YnFz4Euh/4PFd89fPDWdERacG0NigX/iSRcLCFi9SKXCHLv4UlVvKL7NQK5IorDGTGeCb1PLuBe6O+b189P+M63sWZxVleTA8Q9zeQiChsYSOk4KlYO6lYB63xTgL+EC3RNLfX5rm2csOyXGImgOd471zJ3p1zau7hiSPHebRt8o9wmL72Oa5ysYXLgWQvw50n+Ts3x5WlWScs23uWz2ZrhtYagFe+fjkqPHFeeHL83ZH3TWQKrcMYPoNkvMKnF0/T1zrM1aW53Qbd3rtwZmkdwNBaAwAAMHJm6A0p5AdSqn4lVQIAKO/47yeFIlBTMrB9VgsAgP8BON24AjtZfcoAAAAASUVORK5CYII=","","$3.61 ","TRUE","FALSE","Wotan"
"Matthew","Mason","mmason1s@cargocollective.com","Male","","jcb","$8.31 ","FALSE","TRUE","Jiangpan"
"Benjamin","Edwards","bedwards20@ibm.com","Male","","diners-club-enroute","$9.16 ","FALSE","FALSE","Boynton Beach"
"Bonnie","","barmstrong26@weibo.com","Female","data:image/png;base64/iVBORw0KGgoAAAANSUhEUgAAABAAAAAQCAYAAAAf8/9hAAAABGdBTUEAAK/INwWK6QAAABl0RVh0U29mdHdhcmUAQWRvYmUgSW1hZ2VSZWFkeXHJZTwAAAKUSURBVDjLhVNdSJNRGH6++enSTc3Rl9Y0KzRcoSHShURERRldlLGLMsqrCO2iLuwuL7qKLr0MoQvDHJigJkEbG5mGdzKU1PnvN7I2Fgu33Or7W+858YkrpRee8x7ec97n/TtHyGQyCAQCVtJXCS2GYdSQribQ1vhEeon0C0KgublZx18i+P3+43TJI0lSXVlZGWw2GwoKCsCINzY2kEwmEQ6HEYvFPpLtptvtXs9i8Pl872VZZuEyu4mqqplgMJh57O1Ya/e25jByExZaTpSWluJ/4nQ6kdZSTlXRAtvtIkXmTNPT07Db7RwlJSVYSS7infwGa8llaJoOTdXhLCwX7Zr97C3PdW9fy2BTFoHD4WB1IhKJIJH3HZPKBA4UOXHh4GXoGR0GQTd0vk+l0peuPW9aGm7zVolmLSyyKIoUTUMgPoN9uRIk635MRYNY+bYMVVFRXlTBz0PhBf/Ifd9FloHFzIAdULM4FhMh7jiyMIREfBOte9vwtLEL65+/anNyaFz5qTSdf3Y6P6sEXdc5CcO9Qw85UTQaRfJHktvYnTzFqpPzOV/HmEG+6awMzOgmyRahquHtlyF+p0FoTJCz/s8UGExHk1DRflHjDAxHBpBSNrldURQ0djaMUT/O0DgZuSyySPF4HPQS+QTS6fQfZksuBuQ+5BXlQFDzceflDWqkJh2tOCydqq/H7Pw8xsYnvILH47lC7P0ul8tWWVkJq9UKQRBw99VtFBcW4+Sx2q3xmeNcWl2F3z86qWv6I4Gl29vbe4RIOglui8VSzP4CK2dQfo09ksgf0kxoDhpPm/VG/0DOT1Z7wqOcYLt0d3cXknMVwaCmhjzRHi+l7pjqmq3b8Y1v/xg7ofZBTY6rvbp/t/PfI0AjgZ0qo+wAAAAASUVORK5CYII=","","$7.32 ","FALSE","FALSE","Chittagong"
"","Morales","amorales2h@virginia.edu","Female","data:image/png;base64/iVBORw0KGgoAAAANSUhEUgAAABAAAAAQCAYAAAAf8/9hAAAABGdBTUEAAK/INwWK6QAAABl0RVh0U29mdHdhcmUAQWRvYmUgSW1hZ2VSZWFkeXHJZTwAAAE3SURBVDjLY/j//z8DJZhh6BgQMuWBQumq5xdaNr/84Nt1t4FkA5LnPd4A1Kjg1XaroWH98/9keyFx1sMLKfMePcAwoLy8/EBxcfGB3NzcA2lpaQfi4+MVwsPDD/j5+R1wdXU9AFJjX3GtIWzSvQvmOZcMMAwAag4Aav6QkpLyH6h5AkgMqLkBqHmBjY2NgnXRlQCn6msLTDIuCBgmX3DQiz+rgOEFoM0OQM3/IyMj/wM1F8BsBmHv1psH0uc+/J8868H/sIl3P+AMA6CzJwQGBv53c3P7D7RZgORoBNosANLs4uLy38jIaALJBoCcDbS5wNra+r+BgcF/BQUFB6IMANkMDbACEF9TU3MC0AX/JSQkPggKChoQNABq8wGQs4GaDYA2HwBqPgDUfICLi+sACwuLweDMTAA2jKFj5WHetwAAAABJRU5ErkJggg==","solo","","TRUE","FALSE"
"","Cook","pcook2i@linkedin.com","Male","","visa","","TRUE","FALSE"
"Todd","Pierce","","Male","data:image/png;base64/iVBORw0KGgoAAAANSUhEUgAAABAAAAAQCAYAAAAf8/9hAAAABGdBTUEAAK/INwWK6QAAABl0RVh0U29mdHdhcmUAQWRvYmUgSW1hZ2VSZWFkeXHJZTwAAALoSURBVDjLjZNrSFNhGMdHJfVl0peCKAKNoL7NopQ0CCqRQrxlUVoxK6eZk0oy03Ap5rXSYZsiedsWuYhGopgaqNNlrTR0uUtuuOl0lE6n87Kb/857aKJJ0IE/7/M+PP/feZ73nJcBgLFWCoUiuLOzs6K9vb2/ubn5l0wmm5FKpVqxWCyUiIQn/q5fDZRKJZMyCyiz02QywWq1Ym5uDgsLC7DZbFCrhyF8nu+qEuSJKviFvusAf8yter0eKysrWFpaAoEYjUZMTU3B7XZjxb0I16IWnR0vUVKUIS8seOi7CiBvJman0wnyuFwukP3IyAhmZ2dpqGNxAsv2YXiWf6CtpQ65OakiGkCZg6i2PXa7nTbMz8/TELPZDI1GA5J3u11YsGngsKvpLpyU7txO8qTfTQlmUGbB2NgYiLRaLW0iMxPQ5OQkHTuWbRRARRlNVDxNdeiAXC4Hh8MRMFgsFv5X5GwIeGZmBgaDAWw2+xsNUKlU0Ol06OnpQUNDA11M1vHxcTpP4uSaQNyoDYBOr8Xo6CgsFgvi4uKmaAAp8poIhIjkvHmysqsD8KjpEi5UHkDv4HdojBOIijk/vQFARPZpkuPgioLAqTuMhBcsZL+NhVRZjvTXEQgt24WmTwMIizg3vGEELyhFFAhZvwBvvlbQxlfKMpR1pKP+YzGSJKE4WrANp6PC6v95iNeoeYn5aVsailpTkN+SCF4TG7nNHFR25yG+LgT7cxge+kfi8/mCrq4uWGapT2kexLBxAHHVB9H4uQySvieoVxSjpreQgtyEsDsXiZIw7HuwZWl3JoNFA0pLS5l5j3M7Gt+JYfippiHRQn+cKd+DU892IqRkO67UHoOgi4cEUSj8M30cfqnMI+suE4/HY97PuledzE10yd5L0TfUjSHDFwzqlejp/wBW/lZcrT8Jvwwfu98t30MbbqNXXG5qSGLy9arLCfGq2IvR1siYcGt45FmVf/Ym196szdiRyfBbW/8bMwbKi+1SPUYAAAAASUVORK5CYII=","visa-electron","$8.62 ","TRUE","","Haugesund"
"Doris","Henry","dhenry2m@blogspot.com","Female","","americanexpress","$5.07 ","FALSE","FALSE","Markog"
"Scott","","sdaniels2s@bbb.org","Male","data:image/png;base64/iVBORw0KGgoAAAANSUhEUgAAABAAAAAQCAYAAAAf8/9hAAAABGdBTUEAAK/INwWK6QAAABl0RVh0U29mdHdhcmUAQWRvYmUgSW1hZ2VSZWFkeXHJZTwAAAEsSURBVDjLY/j//z8DJZhhmBuQvdj8a+p8w//xc3U5yTIgeb7h18bNUf/DZ2j8958qz0nQgPyltv9zF5v/TV9o/Ddxrv7fmvWh/1ednvi/ZLX/f9d+8b+23YI8eA0AOvn/hnPT/q89OwWsccXpCf8n7Cn5v/B41/+MpW7/TdvZ/+o2M/LjNADoZLDmvl35/zt3ZP9v3Zb2v2Fz4v+mren/Zxxq/h+zwOa/aj3DH5wGRM/W/L/y1IT/S0/0/l94rOv/vKMdQEOy/k8/1PQ/banHf8VahlfSlQwGOA0InK74z3Oi9D/nftF/1t38/+LmW/2fdrDhf9Jit//ytQzPJSsZtEiKBe1mxq/xC53/y1czPAFqVic5GoFO/ipXzfxftJJBkeyUKFzOwDm48wIAh5XH+g7drOwAAAAASUVORK5CYII=","","$1.81 ","TRUE","TRUE","Yanmenkou"
"Samuel","Alexander","salexander30@miibeian.gov.cn","Male","","jcb","$5.72 ","FALSE","TRUE","Chamali̬res"
"Ruth","Green","rgreen31@moonfruit.com","Female","","jcb","$0.98 ","TRUE","TRUE","K��jov"
"Sean","Richards","","Male","data:image/png;base64/iVBORw0KGgoAAAANSUhEUgAAABAAAAAQCAYAAAAf8/9hAAAABGdBTUEAAK/INwWK6QAAABl0RVh0U29mdHdhcmUAQWRvYmUgSW1hZ2VSZWFkeXHJZTwAAAJKSURBVDjLldFfSFNRHAdw88mXnuqtHu/dufe2e/dHjUl/YEYRRsFaLViYFkUY+CcDwcqiJAjKoCiKCqRw+GCEa6vIdKOJLBPaiqy9CBlkYUUbq83Z3f32uzMX0kZ64AvnHM79nN/53RIAJYXC8+wux/EZQRDiFsu6Y8XOFdxkjG3lOE6jgABYrVbwvFS3BEA6YbNVQTLKWL9hI2RZAWGPFw3IcuVh184axMbDePrEC7vdrgOhJVQgb488MEGdMCH9zozOlgpwBtMr6kvZogBRUvYH7jdjMrQF09HjON3RDoulgvrAnP8FqFTW1NT8PvkjhamPn6BqQCj0jPog6894azCwVUUBuqGUDg15vV7oQ1WzFBWJRBzV1Zt0QK/CT8iyggAdsLlce9RkMkFLDdmsmos+Hx4OwWazgX6xRoi9GHDd4/Hkbs9k0nT7rzygx+FwUBU8hXX+AzBeXG21mOPBYCgHpNMpAmb/ANncXm3tvtwzCLi6ABi5pazwX1QORHsFtedGC6Y+f899+BcgIuJE/W69kQyN9fLNBUCsz9o/E5aBiILROxycjm14Mx7D3NAwSwWkAmvxoYdh9LKAn37xa7LfuCsPTNxT/OqYgpkRGVpYwu2z5Xj+IoL54fUNYLCrHBgUKCI0yrc+YywPvO42RqcfykgO6YCMLz4TTrbW4Whrm+Z279UYW4PzhwxAQELKJ2HsghR81GbenAd626WV1xrFmq4j4jmav7zUIExWKnwVNaxsLsLygzukjoFTQrq7Qbxyxi2WzvfgNzL+mVcak7YgAAAAAElFTkSuQmCC","laser","$2.45 ","TRUE","","San Mart�?n"
"Dennis","Gardner","dgardner35@cocolog-nifty.com","Male","","diners-club-carte-blanche","$2.48 ","FALSE","FALSE","Baofeng"
"Donna","Sullivan","dsullivan3r@statcounter.com","Female","","visa","$1.16 ","FALSE","FALSE","Annonay"
"","Mitchell","emitchell3z@pbs.org","Male","data:image/png;base64/iVBORw0KGgoAAAANSUhEUgAAABAAAAAQCAYAAAAf8/9hAAAABGdBTUEAAK/INwWK6QAAABl0RVh0U29mdHdhcmUAQWRvYmUgSW1hZ2VSZWFkeXHJZTwAAAIpSURBVDjLpZP7T1JhGMfPn9RaznVZa7Zhl1WoOI1ZtNlmq5Wrma1jMTSG5li1ahWSFJKmjuhEYzVJCDGQUNJI7WYX7ALnhFwiKFvn2zkHKw6d33y27y/v830+++5535cAQCxHhN7+AR23I9Ba30EzMIeTva9BWl4+ljJbRhLqHk9i/trDOLpdDLoeMCAyuZ8oVtP1WVYKYPYsfCv2Eqd9bdB61dB4SJxwNQuHjcZnkAKY3F+Efu/0VZjDV9A9eVFoiIo37L88JQkwDjNCv7CIPm8MheINey+ERIC6/kpFtXkbdhjKUdtVIfITVn9URGRSOajOBv8ClH1yRZVpK9s63IL2kVbIz20RBvkaGI3mAVQgBmosCsd4FG8+p7Gzc0wA1Fi2KyqMm1nyfhNqjHKsP1WKct1GDPpisPLy0/8nePUxhWqdD1xkJReZbXY0oqxjLbtOU7JJf2ceqewibAFa8FKBJYCQgktg49Rg3QMuMupv1uGw/QA26Faza9SrZHyidtt7JDOLsAdp3B3Pixh6QiOd/bdZVY8SGjeJg1QDH5ktbVkp+7OPtsG3SHz9gXuhfALnJPeQHBM0ClVrqOIjg4uMkuMrZIW3oe6fEwBD3KBzScQtPy3awfNIEiq9T/IdkDdeYIEDuJ4ygtcd5gD8QLF2dT76JQU4ap5FPP0ddDKHT/EsInQGRKXWi2KVHXNSUoAjppnRQ4ZwZt+lKdSfD2H3meDyvjKv3+cfGcwF4FggAAAAAElFTkSuQmCC","diners-club-carte-blanche","","TRUE","FALSE"
"Joshua","","jlewis45@apache.org","Male","data:image/png;base64/iVBORw0KGgoAAAANSUhEUgAAABAAAAAQCAYAAAAf8/9hAAAABGdBTUEAAK/INwWK6QAAABl0RVh0U29mdHdhcmUAQWRvYmUgSW1hZ2VSZWFkeXHJZTwAAAJjSURBVDjLpVPPaxNBGH2zu026piEpTayhJVBzswR/BBVvXiyKiJeACv4LnnsRQ/DqIYcilApevQuWHIpgqIhiSJQiCrEBf9EGarqm2eyP2fGbSZMWjCC4MHwMM+99771vhwkh8D+fcXhTrVYf+75/2/M8gyqoquW6rqxP8vn8rZEE9Xo9RoBH8Xg8Hw4fgUMgBAGUNlI4ORlHubx6k3Z/EtRqtcsSnEgkZiKRCDab3yC7B4FAIAIiEuBE5jjOaAt0eTWdTquNbffgEfh9/S0RBMN1aeGKsjGSQHoMhUKwLKvfmXOcmD+luov97jLovyqQzJxA8pIciJRer72hyimgLsAYGo0owqaG5ZUl8gQmk2nvtKYXF4stpaCflVBEkmA+ewaatYZo6BmMCJ0LDsdOYmv3Ivthxa7R9ae9nn2MassYeOsrkJK5kj4VXsdMbpb2LepJ1qwuxhvPxdef13d1nUm7akiaJBiC+UFw+hgdGiac7fOwv+dgTpiqUdfVlWTf7ys3ZDiDv1EGJy0IGZwG6Bp1TdYphi40Nib7EdBlno/hVJQCOQVd15X0YF8FYwE87mLn8xzeradJnaUA3HPpjq8mpghIwetKpYJOp4NoNIpxM0x/IEMgLToaYqkaTp7dAHqaAuiMjwnuCd/tKNlMyi+VSldpGsVUKpWbO55BLDYFu/UCem+NQjTgenvwHBsvN5JfYtOnZ51u2//QbGVXlh5+ZIdfY6FQWCCiB7Syg8cka+TcXVi2D/PTfS5FKCuZe+LXHhfsX57zjeIr3t7aRDooX2C+lbF5aKJz9M6ytd0UvwHmbqDcpFnnSAAAAABJRU5ErkJggg==","","$2.86 ","FALSE","TRUE","Yufa"
"Irene","Garza","igarza46@livejournal.com","","data:image/png;base64/iVBORw0KGgoAAAANSUhEUgAAABAAAAAQCAYAAAAf8/9hAAAABGdBTUEAAK/INwWK6QAAABl0RVh0U29mdHdhcmUAQWRvYmUgSW1hZ2VSZWFkeXHJZTwAAALnSURBVDjLfZNLaFx1HIW/e2fuzJ00w0ymkpQpiUKfMT7SblzU4kayELEptRChUEFEqKALUaRUV2YhlCLYjYq4FBeuiqZgC6FIQzBpEGpDkzHNs5PMTJtmHnfu6//7uSh2IYNnffg23zmWqtIpd395YwiRL1Q0qyIfD56cmOvUs/4LWJg40auiH6jI+7v3ncybdo2Hy9ebKvqNGrn03Nj1+x0Bi1dHHVV9W0U+ye4d2d83+Ca2GJrlGZx0gkppkkfrsysqclFFvh8++3v7CWDh6ugIohfSPcPH+w6fwu05ABoSby9yb3Kc/mePYXc9TdCqslWapVGdn1Zjxo++O33Fujtx4gdEzj61f8xyC8/jN2rsVOcxYZOoVSZtBewZOAT+NonuAWw3S728wFZpFm975cekGjlz8NXLVtSo0SxPImGdtFfFq5epr21wdOxrnMwuaC2jrRJWfYHdxRfIFeDWr0unkyrSUqxcyk2TLQzQrt6hqydPvidDBg/8VTAp8DegvYa3OU1z+SbuM6dQI62kioAAVgondwAnncWvzCDNCk4CLO9vsJVw8xqN+iPiTB5SaTSKURGSaoTHHgxoAMlduL1HiFMZXP8BsvkbO1GD2O3GpLOIF0KsSBijxmCrMY+FqgGJQDzQgGT3XrJ7DuI5EKZd4iDG+CHG84m8AIki1Ai2imRsx4FEBtQHCUB8MG1wi8QKGhjEC4mbAVHTx8kNYSuoiGurkRtLN76ivb0K6SIkusCEoBEgaCQYPyT2QhKpAXKHTiMmQ2lmChWZTrw32v9TsLOyVlu8Nhi2G4Vs32HsTC9IA2KPRuU2Erp097+O5RRYvz3H1r3JldivfY7IR0+mfOu7l3pV5EM1cq744mi+OPwaRD71tSk0Vsp3/uLB6s2minyrIpeOf7a00fFMf1w+MqRGzqvIW/teecdqV5a5P/8ncXv9ZxUdf/lCae5/3/hvpi4OjajIp4ikVOTLY+cXr3Tq/QPcssKNXib9yAAAAABJRU5ErkJggg==","mastercard","$3.07 ","TRUE","TRUE","Pueblo Nuevo"
"Phillip","Castillo","pcastillo4b@cam.ac.uk","Male","","laser","$9.65 ","FALSE","TRUE","Ayapel"
"Dorothy","","dgrant4c@amazonaws.com","Female","data:image/png;base64/iVBORw0KGgoAAAANSUhEUgAAABAAAAAQCAYAAAAf8/9hAAAABGdBTUEAAK/INwWK6QAAABl0RVh0U29mdHdhcmUAQWRvYmUgSW1hZ2VSZWFkeXHJZTwAAAKFSURBVDjLhVNNaxNRFD3vzUwSJ622YEwgYoVaNBUVilZwqStBtJBNxC4EEel/sDsXLhRcVxSUQo07QVy0jbpQqiANsS5ciNpowBhM2kk7nWS+vPdJqi0tXjhz39x595zz7syIMAxRKBSilM8TLgZBcIjyAIGWwQfKnyjfIxRGRkZ8bAoxOzs7SJumEonE0VQqhXg8DtM0wcTLy8toNpsol8uo1WqvqJbLZrOVDQzT09MvFhcXWS7cLlzXDYvFYpjP5x8w8b+QdDmcTCbxv0in0yCRs5vrOhUVU7VaRSwWQzQahWEYqmbbNur1OiqVCvr7+5kA2xLouo5GowHHcdS953mwLAutVks949qWBJ2zaJqmHPBmxs0ndXRHe2G3PfR2RfBo/geEHEy8v1sKg1CgYa3hebFyct0BK9KwVBZCYM12cHr4IC4MdeHpm+8Yv5TZoPzwZY0cibeyQ+D7vmpm8Npuuag3PbV55l11vdGhktUCakttEgr+zoDVGdzMx5FSQAsB1w9we2yI1OioRKDR1dShZmOttv8QMDrqHcKYIeGQixv5ryAueEQUEJiEn/PCNAJIVuRXRV+ieoWd8Eix5XvQpEFWdZAfyho1SiIQcEmsTQNmB5fn5uYeZzKZeF9fnyLhITbtKgxqHDvXTWRtopRKNaRzx/QIbk2V8ctahZ7L5Z5NTk4eWVhYuF4qlbJSyl38L/hBijQNBFjD/flr2G3uIxcSNfsbrp64Q6sYDZpmwHZHR0e/ULrCmJiY6F5ZWTmg6+n5/Skg2dXEmWPD6ImklYklJ409cQ9mhD4icirUQLaI42Mzrwf27jjVE+0hyzvpGC4EDViEPgJh42P5M35aLn4DnlayCCcx84IAAAAASUVORK5CYII=","","$0.49 ","TRUE","TRUE","Gaspar"
"Angela","Garcia","agarcia4f@cpanel.net","Female","","jcb","$3.92 ","TRUE","FALSE","Peranap"
"Brandon","","bferguson4h@senate.gov","Male","data:image/png;base64/iVBORw0KGgoAAAANSUhEUgAAABAAAAAQCAYAAAAf8/9hAAAABGdBTUEAAK/INwWK6QAAABl0RVh0U29mdHdhcmUAQWRvYmUgSW1hZ2VSZWFkeXHJZTwAAAIxSURBVDjLpdNdSFNhGAdwKSNyg6ALC8GLoE8so49VRHVRFFQISlJeREXQBxWSSZDUpNrOTDoxSGvhmokV1TazLeekTBda9rVKmW5lYq6slgutOI7j1vn3vKc4rCAv3MXDgfPy/73Pc3hOEoCkROq/B6v2GdIWHLnhmK1v7ZtZ3PIuo9DmOr17iaUkLx1Ud6g2jgqo+JCU4x7Bs5AEe4+EhbYYMsv9iEYGcU+/VEZkYNkew7iJnHBrgl4YSeYEJJcIGF8qoKw9Bv8g8GkY8IaBthDgqatCsNGAq4czGbBLBhbv5VWT+EiL2Q9cfg2YA0DDe+AxBeqDQPvX3+/PdwKmfA0+PDDCuGM6A9JkYP5Byyy1SexgQM5dIJvqpJdCb4DWz8BDKguhhzxDor1Ig+7afBaG8hFnFDiyp1ZFgxa6JbcR2NoEnCLg2ltqfQBwUzcVhJc1+4c8/Br0urV/A9OKvJyxQ/qmfQ5so/D2ZoB7CVh7gN4fwP1+wEWjGK/XoKt6C9rOrWeATwHUugEn3RBjrW9oAI4TdJPCno80RlfsZ27d9+Eslxitcdpk4HbxCgboFEB1JvKk3CfhSjdQTXM7+yRorCLUZ8PSposvvMZX0bydtf2Vi9JT4avcjIr9GQxYrQBzC2zmVG2nkGIISyncF2mKLiDOKbQ+it8JCqy9dGCe3EH8/KMu0j9AqePEyoSAwFNTVkKAHG7i1ykrPCbAfmw5A46OBbjw5y9kz8nxZ78A90vOcDVd+i0AAAAASUVORK5CYII=","","$5.88 ","TRUE","FALSE","Dornava"
"Jean","Harvey","jharvey4i@bloglines.com","Female","","diners-club-enroute","$2.19 ","TRUE","TRUE","��ldziyt"
"Stephen","Cole","scole4l@twitter.com","Male","","mastercard","$7.93 ","FALSE","TRUE","Obudovac"
"Clarence","Bishop","","Male","data:image/png;base64/iVBORw0KGgoAAAANSUhEUgAAABAAAAAQCAYAAAAf8/9hAAAABGdBTUEAAK/INwWK6QAAABl0RVh0U29mdHdhcmUAQWRvYmUgSW1hZ2VSZWFkeXHJZTwAAAK4SURBVBgZBcFfaFV1AADg7/zO2Zy7A3fVebdEQ2yCoeVfmmhQGlRgmCg0sEAoeivvWy/BiigYvoi9hPYgEfQYKGVgiIhaaJPSVlC6hU7v9Pon166755577+n7ovRtvZ3LjUiUAQQEAAQAQBO3HWrc8HHSudyIwRfLShuJOwgJUUSIiAIhIkSIiRAhb3H7Urnz++MSibLSRtKY/s3EuPsH9y4TAnFAIEYUyHN6FrNkA0uOlxMQdxC6WL8bsJusxt+nuPYdrVlE5DkiHk7TtYg2QRtRwuMKV79l4hy1Kh0Fnn6dVw/zxBAgIsuoZzQbNEgEhIjHFX7/mhCRBBavY92bLFjOcwe4fIRrp0ibNFKyFnWCgID+zez9iu2f8NQuZiY4/QE3zgIb3qW0jjSl3iRr0iBoQ0yEjgJ9q3l2H68cpncFY1/wzxlgywHyedQzshZ1goAID37j5PuMHaFWpaObbR/Ss5Szh5idprOHNTupN8naNEgEhEAemLurfv20cxfGXElXKi7qc/9en709tyz88XNfTixSLBY99JJnJqu2pbFEGyLiXLap7JsT5/2Xd9r31htqtZqpqSnHf0p136l6bd9+cRyrVCrGxsbcbKySgJDTt8aFyYbrlX/tGR527NP3nJ+c0z8wYO3atSYezbl48KDp6WlbV5Zs27vfyckdEiBi7q5fxy8pFAqgvHrGmT8bhoeHFYtFs7OzqtWqo0ePKj8/6BcUehdKNJA30TJw/5yfHw2A0cvztNoNo6OjCoUCqNVq8mZm9MRFO97ZqnrrpvijQb365w8pDpo/v9vZ8WnpXGrV+i02DW21bNkyrVZLqVQyNDTkhe3bDawY9Nf4VdfGrzyI0pf1dvYb0a/cajE52+Oz25t1L3lSx7wu7Zw9d36wMJtzbOkurSjI0rp7lamZBTMPdv4PY0MOogadRGMAAAAASUVORK5CYII=","jcb","$9.30 ","TRUE","","Jixi"
"Marie","Cruz","mcruz50@zdnet.com","","data:image/png;base64/iVBORw0KGgoAAAANSUhEUgAAABAAAAAQCAYAAAAf8/9hAAAABGdBTUEAAK/INwWK6QAAABl0RVh0U29mdHdhcmUAQWRvYmUgSW1hZ2VSZWFkeXHJZTwAAALeSURBVDjLY/j//z8DDKvNusuTturRzro9L95NO/b674RDr37W73z+Pmnxg9PypRcUkNXCMIaAcu9Nj7rjb24ee/rt/9HH3/47zry7Si7/vKZM5hlGggYodd5g1J9wc+KiKx8+Wk+5vSh367OLlp3XF8kknxbGphnDAIWGK4kbb37+pV13pV82+6xF1Y7nt90m3NwinX3JWrP51hzz3nsHTTrv7jZpvbPbrPXWQc3Sa8sQmqsuq5bsfHF15ul3b2TSzphJx5/UmXLw9Wv/KbcPSGdecFauuDnZZ97jz9kbX/zPXPPiv07pjXXisRfK4AYYtVydufn6pz/zTr77MOHAqxczDr5+e+Dmp/+xs+6eEfM6IKffcGt9wLxH/5x6795NXPbkv0T0+Wax8LNsDMAAYgEGUOySM+8++027s1cy9GikRODhYHG/g3lT97x4mzL77mXJhLMZMUue/rdtu3sZaKt7xNzH/2WizveCwwAYQHrZax5fmnTg1SuJoCOGMBeJeu5VT5px52LGrHsP3Cbff+824d5Lsajz1kBbgyJnPvyvmnhhGdiAjp3Pv087+Op/89ZnX5Jn3N4GEhRx32Mc3HPj5LJDb/5HT7r3P3HJk/9iEWdrwXIhp73Dp97/r518YQvWdICMgc6NiZ7/+H/yoif/U2fM/58zJf5/Wp///6hWj/82ucU3BL2OCOPWHH3ezLr+5mWv3rvffKvrTzeuTvy/5crU/xee7frfvzvrf3i/7n/jdJ15OA3QzL60JmHeo/9iwSebY9tdvm+8POH/xmuT/oNAz57U//170v+bZ0v9wNAIDCRj0dAzxe5tdz54tN35Kux3Itin2vD/titz/iODTZemAg2QxLTZvfPuJ9++u/99e+789+m4898o7eIxyxzp7927kv6370oAa27fmQB2gUW2/H+8gQjDQJtagns0/vfuSgHbDKJBfKB4D1EGQA3pAOJPIGdD6Q6QOADllJVJzH+HzQAAAABJRU5ErkJggg==","switch","$9.34 ","FALSE","TRUE","Turrialba"
"Robert","","rknight53@joomla.org","Male","data:image/png;base64/iVBORw0KGgoAAAANSUhEUgAAABAAAAAQCAYAAAAf8/9hAAAABGdBTUEAAK/INwWK6QAAABl0RVh0U29mdHdhcmUAQWRvYmUgSW1hZ2VSZWFkeXHJZTwAAAKISURBVDjLpZNLiM1xFMc/v//877yYMYwxjzzKW8MMG8YkMwgrLJRXFAsbj4VkUpLsJMoCCwuPokyShYRhgabbhBg3N+8xpGtct3ncedz7///v7xyLG9NEs3HqrE59zqfT+RpV5X/KGW348+GyaLylftQNRlXpaV2hKoqqLkF0uoquVdWd+VXrUFWGOm+hordV5K6KhsVKWEULp25qN0ZV6X7SqHlV68j0RHHyynBLasmvWAk5YwFBgx7SP8Kk4y/wu99RMLmR3shlpm2NGBdARYvTsZbk+LqLoILafoK+NtzipRjj4sebCRXOJ3fOdlBL4ulJxMqaPzcobXzcL8EgqBAkbhIk7iDpL6ACKOJ14cWuMfThKKjgdXegIs8B3N/HUNGsrvVBAjCCpMKYnAC16WxnPFCLEyomM5SsBHqGAVZAFcRHbYBxLJACE2DUA02DeFkjaxEr8reBZg1UA9AcIA14KB5qA9R6qAqIQa2ERgKsIOLhFMzADkTA5ILjg5O1eBTLo/X7ePqencRPCamhwh3XockZNpAzyTdXcMfVYUITMK7BuAHG9Xnw2dKeKaNheQN7tuyldnE1TORQ3b6qU38AVRueHxjsvE/yfTO55RtxCsbg5AYYd5Dbr5MsnFuLdSy1lauxJqBuQT3A3hGvrFbKBjruMdBxn1DpNow7E+MMEu9LEDJjWT9vPwAHV11gxqQagPwRgKmbXyUyqWR1b7SZ3shVrD8FzG76B7qJxsKceLALgBMtu/gUjwCkzb/S+PHS3HK1st9xxxwpmt3Iubs3eqMlRSX1NcuYVbGID10vCUda+fa577QZLc5vz0+fYP3McfEzTbu/cgzYAxQB/cD5trOxw78Ay4ZsAbSg5bYAAAAASUVORK5CYII=","","$7.24 ","TRUE","TRUE","Lleida"
"Gary","Lawson","glawson5c@yelp.com","","data:image/png;base64/iVBORw0KGgoAAAANSUhEUgAAABAAAAAQCAQAAAC1+jfqAAAABGdBTUEAAK/INwWK6QAAABl0RVh0U29mdHdhcmUAQWRvYmUgSW1hZ2VSZWFkeXHJZTwAAADnSURBVCjPY/jPgB8ykKTggMPemTsfbHmwfuZqBywKDjjsOXP//6f/H/9f/7/0zAIHJAXHpQ437L+6+93j/9//fwHDC/9nz0RScKjhBlDf5/9fgRhkwgcgnvZ34oIeC6iCvVffwyXf/3/3/y0Qvvt//H/7AqiCnVffAqU/wqXf/H/9/9X/l/+bP0AVbG449f/F/6f/z/0/AyQf/z/9/yyQf+B/HcyEdVIrG5ZcXXB19oJpiyc96H3Qub51R+OH2gVVFnBv+uj6+ProYtIIBb6f/08v8OFHp9FMQMdoIYmpG10Bhv1ExSYAuRQri6NL7YwAAAAASUVORK5CYII=","jcb","$6.63 ","FALSE","FALSE","Tapera"
"Willie","Edwards","wedwards5e@accuweather.com","","data:image/png;base64/iVBORw0KGgoAAAANSUhEUgAAABAAAAAQCAYAAAAf8/9hAAAABGdBTUEAAK/INwWK6QAAABl0RVh0U29mdHdhcmUAQWRvYmUgSW1hZ2VSZWFkeXHJZTwAAAKFSURBVDjLjZPPb4xhEMc/z/vublvt292m1TZoo4RI4yAhgvhx4OBHSFwkHCQuuEq4SBxcHPwD7EEcHCQSiQMJCbcmRCKkhBQtitKu3W139919fz0zDos2Iphk8iQzmU/mOzOPUVX+ZW/u5IZS6b6J0sTngfUna58W5hz+wzTRxx19hxCrL37Ppf5WOH4v24XlmNd/uCe3bAeLV77IPs23n27rMlfWHKqVAcyfJLy5nYuNo65xc6aj5yBe/zZcLRNHDuUPD/ALD7CNqvjTon+UUPqYnI3iLSY3eIbuoQO4zBKXRnC1SO/qvXQOHMWP1jrFWTlnxm5veNbaOTxszEKWUvn8uJRqGegb2nqKuHAXaUyBxjjd+3l1P09h4tmRPRfC6ymjzpqBrVfTxhjQZjHGkATf+sZubpfK5EOnvWsQt30Y67+lMvWc6peXo3suhNebQ0w0QKKW8OslbOSC04kxHq1LdrKoe7njpD0St5fy6/t0r9hMJvOOlHFXzW8hNo5KhI0yqCjSmKRReEfhyTWSqSLF8Ru/hE2NvQSgv2t12zzAaKskDfwvM4TT40hUx23JsmxfnpnnN8hkV5Jdug5+bMsvF5i+dXzBHcQOqbZeFm86CwioolIlnhvBy1VItYwSzzxCrY9KnY7B80wDd0846d15iVPEqmoDpD6K2jnUVpHgPajgpgVNfFRqqK2htg4qAOzOS9zsIERVEiQuoMlcEyIhaAIaolJHrY8kVdRWwZjfTjlSNVg0KaHJbNPt3DwsqaK28kNCgISTAMEvgEZSTurFRXEt4yGeo5oG8UB7UBsCEeo0X+NYbBCoRhLOA4Lw4sTlgxtRdmHw/v4tATMSIXrtZ+g7IylnbI9OutsAAAAASUVORK5CYII=","visa","$9.16 ","TRUE","TRUE","Kesabpur"
"Wanda","Butler","wbutler5r@linkedin.com","","data:image/png;base64/iVBORw0KGgoAAAANSUhEUgAAABAAAAAQCAYAAAAf8/9hAAAABGdBTUEAAK/INwWK6QAAABl0RVh0U29mdHdhcmUAQWRvYmUgSW1hZ2VSZWFkeXHJZTwAAAJSSURBVDjLzZNdSNNhFMYXs4tuBLuKqAsvoqJMrSgJKr+WH2sZJFpsCLk/thAxhzorSm8cfhBIdxWCCIIgBiKGSpFSKVaihlo05kcLpbTtTaebbvv/emddFBgI3fTCc3Pgec55znleDaD5F2j+DwG1otQo8U1ChBEqs4qQtVgEiwpF4Po1sa6YxVpenvBfviJ8l7LF6vmsRe+5DNOGgCTkSHjp6YaBARgbA4cDJicJ9T1nsaUFd3MzS01NeB48xNXQgOtuJctnUrxLCaezwgJvaXwEnZ3Q1gYTEzA6Cu3thMrKcFkszCkKbrOZBZOJYYOBDzU1OIpLEPEnXWGBWLXc+lqttYPsxuwsG6+/n1B2NnN6PV8yM/kuMZWczPvqaqaUAkTsiXnPwficjR1Iv1HS75NQVSV0dMD8PIyMoBqNLEqiR4p40tNx2u1MX1UQR4473Qfi4v64QsBSELmen98VtNlgcBDGx1Hl6EKnw5uWxkJdHTOS7Dl8zOnefyRm0zP6jaZIX05u13q57aeA3IE3KQl/fT3j5gxeZewMPk2OUHt02k8SFZvmYPXCxciVdH3v2u07qK2tBGpr+ajoeVeSgK/rHupkNyutVt4UxgR7UyKKNg3HcmLqnqVTZx1r1lJ8N6z0Je5QVyWZ+wawRYE9WlpKpCdVO/XXhImjCYek3yHpdyY8tjr8mN+fp3IX4fqW4ir9uryNZpAkf7kGt8SsRYusf96SwIvc3VVDyr7AnC2arze341S28cwQEezWaW9t+dO8zN1bITtO/7qCK0wO138A9zXJPLDAEBEAAAAASUVORK5CYII=","diners-club-international","$0.09 ","FALSE","TRUE","Pedin�?"
"Ralph","","rgomez5u@ehow.com","Male","data:image/png;base64/iVBORw0KGgoAAAANSUhEUgAAABAAAAAQCAYAAAAf8/9hAAAABGdBTUEAAK/INwWK6QAAABl0RVh0U29mdHdhcmUAQWRvYmUgSW1hZ2VSZWFkeXHJZTwAAAH4SURBVDjLpZPJiiJBEIb7oeqd6qQgoiNaavoCIgqKoBcvih48eBJE8iCKIOKWLgcP7mup5YKiYnRG0l2OdNPNMAlBlZn+X/wRkfUGAG//E182er2e1O12SafToe12W2WMqc1mkzYaDVKr1aQfAVwsczFbrVZwOp3gfr+LOB6PMJ/PoVqtskqlIn8L+BBrl8sFcOFzv9+DpmlwPp/FHkLL5bJWKpXkF8CHbfYp3m63sFgsQFVVEev1GqbTqQ6hlLJ8Pi/pAF4vQdt/i51O54tYURSxj6vf70MmkyE6gDeLIhmtYq1W6x8BQOhkMgGj0SgAeIb92Gw2kEqlqA5otVoqNgsPLBYLD6sQYGaDwcDDCA6HQ/xGF9frFeLxuKoD+JgEYLfbgdtNwGw2CwACbTYbmEwmsNvtws2ni1gs9gTU63WKHccylssluFxuXoILZrOZECBMUZwwHo/FZAaDAUSj0WcJfL4EDx+PhxCgTY/HIzJioHVCCAyHQ7jdblAsFiEcDj+byOcqFQoFhiXgQhFmR+hoNBJCfGICfOdixkN6uUi5XE7OZrMajg3/eDgchBsE4WXCzGidC7VAICB/e5XT6bScTCYZL0nYxp5gzTh3fnmAC5nP55N//JgSiYQUiURIKBSiwWBQ9fv9KhdRr9dL+Lv069f4r/EO4RAxpm00KCQAAAAASUVORK5CYII=","","$2.81 ","TRUE","TRUE","Smi��ice"
"Jonathan","Taylor","jtaylor63@creativecommons.org","","data:image/png;base64/iVBORw0KGgoAAAANSUhEUgAAABAAAAAQCAYAAAAf8/9hAAAABGdBTUEAAK/INwWK6QAAABl0RVh0U29mdHdhcmUAQWRvYmUgSW1hZ2VSZWFkeXHJZTwAAAH3SURBVDjLjZNPaxpRFMXTfo4E+h1S8hmy7bJ0G+i60ECg2QXaIqVaqwttplXCSEMNDlZTqdEaEkyslIo4s9BG4yIOYzIo/v+Xnrz7UofR2DYDh1m8d37v3vPenQMwR2LfPNMi09J/dI/pruEzARZ7vV59OBxejkYjzBJbh8PheGOGmAFLZG61Wmi328jlchBFEYIgIB6PQ9M0DlFVFU6n04CMzXcIQBu63S5qtRp8Ph/K5TKy2SxCoRCq1SoHdDod0CEul+saMg3o9/vI5/MIh8OoVCpwu92QJAmBQACxWGyiJZ7JNIC1gUKhgGAwCEVR4PF4YLfbkUgkYLFYeCUE/ifA7/cjnU7z8lOpFP8nk0lYrVbenq7rswFJpQ7bThFbgUPIsoxoNMqzoCpsNhuHNZtNNBqNm4Anr3btL7dPIR2dY917Aqe4xyvJZDL8RuhkyodCJE0Ann8srW2Ipd+fj3VEfujYimtYea1MBEatEYBE78EAMOPqM2+pLx1dIPxdx6cDqqCID19VbhprMBhwkXkCsCqcdHcOzxE8vsD2fhVr74vwRlXjVLPZLAPw+G2hthmpQPym4em7XxAiZzdKnyUD8PCF/OjBhlxfXv/ZcX85Y/Qh/jYLU7o0QvxzE/dZQG1auI2Z7W3y6TUBFghyi3Eei0Z/4QrVT8W6WBitpQAAAABJRU5ErkJggg==","visa-electron","$9.31 ","FALSE","FALSE","Reconquista"
"Gloria","Cunningham","","Female","data:image/png;base64/iVBORw0KGgoAAAANSUhEUgAAABAAAAAQCAYAAAAf8/9hAAAABGdBTUEAAK/INwWK6QAAABl0RVh0U29mdHdhcmUAQWRvYmUgSW1hZ2VSZWFkeXHJZTwAAAJtSURBVDjLpZPNS5RRFMZ/7zgzWmqTFpObMiuyKDOFCoJaCUKKUFAUBRKtWrSpoP8gwk1BixbpppURtIigqAjKkgSp0KJP86NGbaYZpxmd9773ve89LTTKj1bdxblw4Pmd53Kf44gI/3PCADJyT0z+ByIaMT4S+IjRiPGQwANfERiFGBd8RezQDWc+IDBEth9dRBcBB+YKIDB169hiB142wTIRxLqzXQdELOAg/CE4oWLEd5d4gjFYPYnJ94H1ENGzt9VgFWIVYl2iqw9i/cISgMADDGIViD8n+lusEFvATfaTLq4ie+eizPx4gqMS7WEAM52etTxvsou1ag7ionPDeD+XU1V3glhNA9nhWt4/6OwIA9hAoT71YLzPEGgQQ6BylFTHEVtA58agpIHK+C4yQ++IOpryFVWUrVoXCwMEbhqTS1C28zhgsXqU/KubSFDAn/kGxTuI1TTjTXQTXe4w+vo9vtJp5U7vDQE4IvjJAaYenScofILAx4qPl/+KhLcS29iCGr+OE5kiUlZOSWHou5+baNp15vbH0O//Lt/djp9NkX16GSs+mfQ42m4htqkNlbhGKOKjc+tJPn6OzhdaG88+fA0QAsAonKIQpY2nELOSsftd2JV7iG9rQU92UhQVvFw1qWf9RFJ9bD7X178gB4qp+1cQoxhLZihrbMNInInBq1TEo6jMWjJPewinX2K1mpcDZ+Ey3epoksOnu/jQfZ7xkV6K19VjkqnximhRc92FF28Wxj20sPHh86TRb+9SU7+P0tJaEv2D08rVB5YSL+ngyP5Kt3HDmvDurTVIxOt1k6mTrZcGvvxrnX8BwNty8Brb9FgAAAAASUVORK5CYII=","jcb","$7.67 ","TRUE","","Chengmen"
"Ernest","Kim","","Male","data:image/png;base64/iVBORw0KGgoAAAANSUhEUgAAABAAAAAQCAYAAAAf8/9hAAAABGdBTUEAAK/INwWK6QAAABl0RVh0U29mdHdhcmUAQWRvYmUgSW1hZ2VSZWFkeXHJZTwAAAJUSURBVDjLhZPPS1RRHMU/997nzDihTx0zFxrRxkqyQKNaBBGCWzetXUhYCUKLfrhtEdFGCqEWQf9AuK5FQouiokWrFoYuBioZ480o47x57/5q0cw4ReUXzvKce8/3fI/w3gMghBgCDgGK/08JKHrvHQDeexoi4/V6vaK1tsYY/zfU63W/vLz8EDgCSO894sKtF2Z4IKcS5XHG4qzHGEdeKDaKEasPpnDOkaYphUKBra0tVlZWHs3Pzy8BxSCXzzJ+cpC1qEaaGoy2OOMYKXSytl5CSon3HiEEAGEYMjMzsxAEAXNzc0vSGmsq2zFHuzpIYk1SN4z0dVKuxOAsSimklC2BTCZDLpdjdnZ2ARiQ1pibqx++plE55nghz4n+PFF5l1dvNrhx+TRSSpRSZDIZKpUKURRRKpVaGxX23VD4fnPs+bGe4uQBVcVZTznO8M1PcerSXVBdWGt/g3OOMAwJguBs4CyLZ0bHJkXfHZxLkGabXr1N1+ZL4s/3yY/dQynVjBohRDM1AKTTtWuifxqrK9i4iN1dx8YbyL4Jdj4+aRGbVpRSBEHQEgis0d3Sg7dVsDW8reF1BYQiKe/seW28rJT64wfG4X2Kt/Evsqvh7S7YOjrZO7RmlO1kAGl0uuP1DjjdEInBW7yponV361pbBCmRUrYJVPXj+MszhOxAZg8ic4MI1cOPT2/Jj179bXntaFn7/pQwiVisRVx3KV06BeN6Cc9d4fD0bYJ8+K9SuSAIzou2Nk4kSfJaKZUD5D6NdNbaWjabvdguMNyo837k5lig9BMTlFjmy9KhMwAAAABJRU5ErkJggg==","bankcard","$3.55 ","TRUE","","Nakkila"
"Brenda","Hudson","bhudson6i@dropbox.com","","data:image/png;base64/iVBORw0KGgoAAAANSUhEUgAAABAAAAAQCAYAAAAf8/9hAAAABGdBTUEAAK/INwWK6QAAABl0RVh0U29mdHdhcmUAQWRvYmUgSW1hZ2VSZWFkeXHJZTwAAAIkSURBVDjLpVNNiFJRFP7eU1E0KSLTMpAwYSxyaidDtChm0WYQ3NSutv2s2kwwm2igNgMtooUQEQhhA9GqhSDTQsZZFDbNDBgVg5bSw9J8rzFF33udc+HGg0ladOHj3nPe+b7zc99VbNvG/yy30yiVSl4SnCNcsixrivYEgY7WJu0faX9EKGUyGVNyFFkBkY/T+WkoFEpFIhEEAgH4/X7w916vB8Mw0Gg00G63y+S7mM1mm4LIAYxisbhSr9c5nT1pjUYju1qt2oVC4YnkqbIUMk6Ew+F/9hyNRkFJLuyaATmFoqZp8Pl88Hq98Hg8wtfv99HpdNBsNhGPx0XsRAG3241ut4vBYCDs8XgMXdcxHA7FN/b9VUD25HK5RAUczKC+hYgcNpNN05xcAQdLkqIoIlj6VFWdXIEUkAQGV8M2k2vaG3z6sYGfVR39XzsHlm/dX3h5d31xlwAHM5goBd5+LuO75z3OnU3jyP4EVrZeKGub2p309cP7VKcAQ2Znoiz3deMVTk1Nw1RNTB+ahamMkD45w7RrfwSYwFdFf6K4Quf6pmvwKHswl7wh7Jvnc4gfTPHR52zhcqVSeZZMJgOxWEyI8BC5CmOnh63WKtZbZczPPsa94hX4XCLJQHG+xnw+f5SEFghZmvhefgvcTqn2HN3gBmZSZ5CInMaHr1Wsvivjy3ZvSZn0nHO5XJDIxwgWDbW2vL10m9xXCUGCQXi49qA1/xvyq6BCh7yZeQAAAABJRU5ErkJggg==","china-unionpay","$2.52 ","FALSE","TRUE","Muararupit"
"Paul","","probinson6r@virginia.edu","Male","data:image/png;base64/iVBORw0KGgoAAAANSUhEUgAAABAAAAAQCAYAAAAf8/9hAAAABGdBTUEAAK/INwWK6QAAABl0RVh0U29mdHdhcmUAQWRvYmUgSW1hZ2VSZWFkeXHJZTwAAAJhSURBVDjLpZNLSBtRFIaVIvFVsKSCG7UuWkVcGIiiGxE3YgUhgvgIirgJiIssspBK6cK0iIgbCyVgNyWGqkiLK63KiG100ZbYQiUP8zBxJuOMyaRJiCHB/j0zC0GsROjiwOVy/u+c/5578gDk/U/kTAicnDwOBoPP/H7/W4/Ho+N5/t6dAU6X63mY5yFJkhIsy8LpdHIOh0OdE/Dt8PAlGw4jk8kgnU4jkUgglUohGo2CAJL94KDwVgBjt7/yh0KKOJlMKtVFUcTZ2ZkC8ni9+LK/b/ongGEYs5sSZLGcLFeUxeRdsSCHeH4OZm8vcgPgsVqnue1tZEgQj8cRiUQUcZisnJ6eIhAIwEtw+X5jZwfXAOGpqenEygqyu7u4mJ1FjGEgCAI4jkOI7NAUcHx8rABpMlhbX3ddATyDgwZpcRFZol7MzCAxMYHfY2MQlpZAI4TP5wONECcklN9hY3MT72y2SgVgr6pSecfHkaXLlNmMOJ1jo6OI9vdD7OlBaG4ObrdbaV8g8fetLaxZLANXY9yoqXniNxqRWV1F3GBAbGQEkb4+iN3d4Ds6wLW2giVLAj3ij+VlHExODlz7SO8rKh4dUbW0xQJJr0ektxdCVxf49nZwzc0QCBCj8JMtZnh44MZXXigtzf9YV/dTNBr/JE0mCJ2dCLe1gdVqIRBAamqCr6UFX+vrdbfuwkJZ2cN9rTYo6vWZ5NAQBALEqYOoRoNfDQ34VF2ty7lM8yUlD6zl5R+OGhslVqO59NbWXn6urMza1Oqnd97GFwUF+fOFhdo3xcWm10VFunmV6n6ubf0LxSvsH2lz/wcAAAAASUVORK5CYII=","","$5.53 ","TRUE","TRUE","Ban�� Suhayl��"
"","Fields","sfields7b@chron.com","Female","data:image/png;base64/iVBORw0KGgoAAAANSUhEUgAAABAAAAAQCAYAAAAf8/9hAAAABGdBTUEAAK/INwWK6QAAABl0RVh0U29mdHdhcmUAQWRvYmUgSW1hZ2VSZWFkeXHJZTwAAAIWSURBVDjLhZNPbxJRFMWhRrYu3NrExIUbdzWte6M7d34Eo2Hjxm8gwZUxIYEARUKAWgwbV0BpxAW11bpQFrCoCVEMDplhQMow782/enx3WsiU0jrJ2bz7zu+9e95cHwAfSXzXhFaEVv+j60JLM58HsGIYxsi27SPHcbBIoo5oNBrxQryAVTJPJhPouu6q0+mgVquh0WhAlmUX0uv1EIvFZpCp2U8A2sA5h2maYIyhUChA0zTU63UoiuICaJ0OSSaTx5B5AJnpqqVSCbmNTWxVt9FsNtHv98+05GYyD7AsC5VKBZvFd/j2k6Etc6gjHfLgELKiujeRJGkxQGSAYDCIx8+eI/ORIb3Lkf0sWvmio9aaoC2NoQ7+QFUHCwFr5XIZ8bfvhZFhq2XgU9tEb2Tj99DCgcTx9YeOg64GZTCGPQdYEnpaLBbxZl9HfIejo1rg5nGvti3CMyxouonhIYM8ZG7NBWSz2YepVKobiUR+UXjrwry+wzBm9qnAqD03YHohbsASUP+ly2u+XC7XzmQyt9LpdJc2xuscr0ULU9NUFC6JDiFRCy4gn88/EWqFw+EEmfL7HK8+8FOAqdmrWYjC7E8kElcCgcAdWmx2LbzY5mCmc+YWXp33H/w1LQehKhPPZuK8mTjR0QxwArktQtKpsLHHEarwC81ir+ZOrwewTBCiXr157/7d0PfqjQcvH10w1jT6y/8A/nHJHcAgm2AAAAAASUVORK5CYII=","jcb","","FALSE","FALSE"
"Jose","","jcastillo7d@blog.com","Male","data:image/png;base64/iVBORw0KGgoAAAANSUhEUgAAABAAAAAQCAYAAAAf8/9hAAAABGdBTUEAAK/INwWK6QAAABl0RVh0U29mdHdhcmUAQWRvYmUgSW1hZ2VSZWFkeXHJZTwAAAJfSURBVDjLpZNNbxJRFIb7A/wF/A5YunTDrpouujNxY8LGxEVTVyU11UVjCmEsUUyb1gYqEWuqtqmRWukUimksH6UMHwIW6FCYwWFgYBjKcc6FGam68ybvZuY87/m4544BwNiobiyCQZVJlVnV5FDm4TfDn/Gj4DVVxgdvBIvv4IwKHafp2MkpF40nuP2jJP1qL0dNeXkLxmDsFYMhfN0TKFujp1mGrQkgSl1QLvtEjZYMpQoPwaM4s7STtWKsZqIZGBGOJ7+L7Y4CeCS5B7zYBU5Vs9Mj30RJhv1wRHRtpdDESAywLywbM2twVZCh8lOGt+EKsHUZyvUOlPiObrKzG2TurbHYjgENTD76B4Vlj8II3noYgI3DCoHPam0iPMncOTi8IQpZNDAHv6Vo7BlLRVDLenN2j+h1iCVwodoGoaXARV2C5fV3NLJoMBmJnXA4rFqjS2DMWOTaKvyZaOJRCPwxDnIViRjJyiWsudc5ZInBcTRODLB8DcZAAs8dwPiMn/zLstKwii4sr7zUDcxfviboutiBhqTovWLgxBx9Bc6ct8jNpIt1cLjcegsmtz9DFUo16PeBgPkLiZQ7PvOJwAimyy1IlVrQ7fVh9zABVucHfYiG+56qxR8IM5wwmDJmQyGsgclSkyTIqNntz1aZO8704Bq1RXJsRK2bHwMiyw8C601FrwaXCTOnizzYXB5x2rH1e5FGV3neHbauejeZUCQDBVYgM8GeE3kOtgNRmHcsMVP293+v8uhjuvsib5l9vk09WVyhHU+d3IKd4h7bXPS0zUfdppL/fkz/85x/AR14FVfMwp4lAAAAAElFTkSuQmCC","","$6.20 ","FALSE","TRUE","Dadeldhur��"
"","Graham","jgraham7j@springer.com","Female","data:image/png;base64/iVBORw0KGgoAAAANSUhEUgAAABAAAAAQCAQAAAC1+jfqAAAABGdBTUEAAK/INwWK6QAAABl0RVh0U29mdHdhcmUAQWRvYmUgSW1hZ2VSZWFkeXHJZTwAAAEkSURBVCjPbdE9S0IBGIbhxxobWxP8D8r5I60RLg0NNTS21VBRQwg1aA4VOAWBpBVCFhKUtkVJtPQx9GFFWh49x3P0bvAjjsWzXrzvcAtpREEZfQtoACEkpKBVdpouv7NYi3SJkAynWcXExKTCJ6+4PLPeIZJPhksdmzp1vilTwqVGlWhEgR6wsbGpU+OLt94rGfJ1gIOLi4OFSYV3Sjx5QXdtkiHFx//gjiwlTshyT5LV3T8gwy3HFLnhkCuWmB3qA0Uu2WGOZVIUmN/ru5CiwAsLNLCI8cg+i3hAggMeiNOgwQbXRJnwghoX5DkiTow0OcLJ8HAbtLpkkzwJCuTY4pQppgeFFLJNtxMrzSRFtlnhvDXO6Fk7ll8hb+wZxpChoPzoB6aiXIYcSLDWAAAAAElFTkSuQmCC","jcb","","TRUE","FALSE"
"Harold","Woods","hwoods7r@sohu.com","","data:image/png;base64/iVBORw0KGgoAAAANSUhEUgAAABAAAAAQCAQAAAC1+jfqAAAABGdBTUEAAK/INwWK6QAAABl0RVh0U29mdHdhcmUAQWRvYmUgSW1hZ2VSZWFkeXHJZTwAAADISURBVCjPvdCxicQwEAXQzzlwcMZg9jhFKy5QpsyRcKLIYJxsYLAruApUgSu4DlTBdLAVbCO/jblgxcImDs1P3/wZBorj4BSw7qussmyKeRslStgVCjfYP3MtDSsXefoogQrfOrHZtK8VC28FBOmpcHcrbzfcOD/GFFNI/eOHbjI0ubs3uW4LmDmWCS/ftMlQ0VxrVr8FjIwFOLnQpI4KRUWkAiJDAVa+2PlP1kPlP4hBAUXcg/TiN4XdjHTS7PVUZWRM5736OP+SP+v5etuPyQAAAABJRU5ErkJggg==","americanexpress","$1.87 ","TRUE","FALSE","Mal��ice"
"Helen","Rodriguez","hrodriguez80@toplist.cz","Female","","mastercard","$9.54 ","FALSE","TRUE","Hexi"
"David","Bradley","dbradley82@ameblo.jp","Male","","jcb","$8.35 ","TRUE","TRUE","Otradnoye"
"Raymond","Hart","rhart86@cbsnews.com","","data:image/png;base64/iVBORw0KGgoAAAANSUhEUgAAABAAAAAQCAYAAAAf8/9hAAAABGdBTUEAAK/INwWK6QAAABl0RVh0U29mdHdhcmUAQWRvYmUgSW1hZ2VSZWFkeXHJZTwAAAKmSURBVDjLjZPdS5NRHMf3D+h9XXVZRGBXBpYEdSGUaNkLoZWPmNNEI4tekMg0c+HKGLoldhFuBa2bKSm57WI2Wcryhfm4t/biptNRc29uzu2Z+/acU4+Y3njgy++cH+f7Ob/zJgIg2imTyVRkMBh6dTrdzMjIyG+NRhNRq9UOlUql+KBUnN49f7tjNpvzeLOcN2f8fj/C4TDi8TiSySRisRhsNisUfZ1cv7xD2SuT5P8H+Gf+6na7kcvlkEqlQCA+nw+hUAjZbBa57Aa4DQcM+o/ofvnQKOl6kr8NICsTcyaTAWkcx4GMXS4XotEohaY3VrCZsGJr8ye0o+/R/rRJSQG8+QRf9lYikaCG9fV1CgkEArDb7SD5bJZDMmZHOmGjVWR4tdyt37p/r7FIxJvlS0tLIHI4HNRE9kxAq6urtJ/ejPEAljf6+f4aX2EaRqMRYrFYLiooKMB+Rc6GgCORCDweDxiGmaMAlmXhdDoxMTGBwcFBOpnE5eVlmhdy5GC9Xi8WFxcRDAZRWVkZogAySTARCBHJCXkhmha8mGJdVHbfCi5UXFnbAyASzDsBZcxZtChuou51GW5IStCh7ERJ2SXrni0IIBKFLXS+fYxnnxl8Yfswt6JFj+42rvYcwynmqGVfh1j1/AyG5t9gyCqjVyzV30KPXozCxgNp+pBkMpl8fHwcwSh/lQELrL5ZzHt+YNY5hWm7Cedbj2OUfYedbdjSRwB/37NUKs3reNGu/zSsgueXjUIIYMY5iWnHdxTfOYRubQ26tNXU3DVWLVSQ2v5MbW1teY9aHww0NNdxmjE1Jue/UYjFbUbrQD0qpIfxSltLVyaRjHmAVLT7ezY3N52sa6jtv15TxV6+djFcXlEaLi0/xxYzR2YLGw8mSdm84rwkZP4fYOfdUwjREaAAAAAASUVORK5CYII=","americanexpress","$4.42 ","FALSE","TRUE","Dagkar"
"Donald","","dgarza8b@networkadvertising.org","Male","data:image/png;base64/iVBORw0KGgoAAAANSUhEUgAAABAAAAAQCAYAAAAf8/9hAAAABGdBTUEAAK/INwWK6QAAABl0RVh0U29mdHdhcmUAQWRvYmUgSW1hZ2VSZWFkeXHJZTwAAAHwSURBVDjLpZM9a1RBFIafM/fevfcmC7uQjWEjUZKAYBHEVEb/gIWFjVVSWEj6gI0/wt8gprPQykIsTP5BQLAIhBVBzRf52Gw22bk7c8YiZslugggZppuZ55z3nfdICIHrrBhg+ePaa1WZPyk0s+6KWwM1khiyhDcvns4uxQAaZOHJo4nRLMtEJPpnxY6Cd10+fNl4DpwBTqymaZrJ8uoBHfZoyTqTYzvkSRMXlP2jnG8bFYbCXWJGePlsEq8iPQmFA2MijEBhtpis7ZCWftC0LZx3xGnK1ESd741hqqUaqgMeAChgjGDDLqXkgMPTJtZ3KJzDhTZpmtK2OSO5IRB6xvQDRAhOsb5Lx1lOu5ZCHV4B6RLUExvh4s+ZntHhDJAxSqs9TCDBqsc6j0iJdqtMuTROFBkIcllCCGcSytFNfm1tU8k2GRo2pOI43h9ie6tOvTJFbORyDsJFQHKD8fw+P9dWqJZ/I96TdEa5Nb1AOavjVfti0dfB+t4iXhWvyh27y9zEbRRobG7z6fgVeqSoKvB5oIMQEODx7FLvIJo55KS9R7b5ldrDReajpC+Z5z7GAHJFXn1exedVbG36ijwOmJgl0kS7lXtjD0DkLyqc70uPnSuIIwk9QCmWd+9XGnOFDzP/M5xxBInhLYBcd5z/AAZv2pOvFcS/AAAAAElFTkSuQmCC","","$6.74 ","TRUE","TRUE","K��ty"
